T,delta_hours,total,not_applicable,duty_met,duty_met_via_delegation,duty_unmet,applicable_cases,violation_rate,delegation_rate
15000,12,2748,1446,278,0,1024,1302,0.7864823348694316,0.0
15000,24,2748,1446,278,0,1024,1302,0.7864823348694316,0.0
15000,36,2748,1446,278,0,1024,1302,0.7864823348694316,0.0
20000,12,2748,1929,278,0,541,819,0.6605616605616605,0.0
20000,24,2748,1929,278,0,541,819,0.6605616605616605,0.0
20000,36,2748,1929,278,0,541,819,0.6605616605616605,0.0
25000,12,2748,2165,278,0,305,583,0.5231560891938251,0.0
25000,24,2748,2165,278,0,305,583,0.5231560891938251,0.0
25000,36,2748,2165,278,0,305,583,0.5231560891938251,0.0
